<?xml version="1.0" encoding="utf-8"?>
<extension type="component" version="0.0.6">

	<name>SSDA Form</name>
	<!-- The following elements are optional and free of formatting constraints -->
	<creationDate>June 2019</creationDate>
	<author>ITSD</author>
	<authorEmail>office.itsd@gov.vc</authorEmail>
	<authorUrl>http://www.itsd.gov.vc</authorUrl>
	<copyright>Copyright Info</copyright>
	<license>License Info</license>
	<!--  The version string is recorded in the components table -->
	<version>0.0.6</version>
	<!-- The description is optional and defaults to the name -->
	<description>Sector Skills Forms</description>


<!-- Runs on install/uninstall/update; New in 2.5 -->
	<scriptfile>script.php</scriptfile>

	<install> <!-- Runs on install -->
		<sql>
			<file driver="mysql" charset="utf8">sql/install.mysql.utf8.sql</file>
		</sql>
	</install>
	<uninstall> <!-- Runs on uninstall -->
		<sql>
			<file driver="mysql" charset="utf8">sql/uninstall.mysql.utf8.sql</file>
		</sql>
	</uninstall>
	<update> <!-- Runs on update; New since J2.5 -->
		<schemas>
			<schemapath type="mysql">sql/updates/mysql</schemapath>
		</schemas>
	</update>

	
	<!-- Site Main File Copy Section -->
	<!-- Note the folder attribute: This attribute describes the folder
		to copy FROM in the package to install therefore files copied
		in this section are copied from /site/ in the package -->
	<files folder="site">
		<filename>ssdaform.php</filename>
		<filename>controller.php</filename>
		<folder>controllers</folder>
		<folder>tables</folder>
		<folder>views</folder>
		<folder>models</folder>
	</files>


	<administration>
		<!-- Administration Menu Section -->
		<menu link='index.php?option=com_ssdaform'>SSDA Forms</menu>
		<!-- Administration Main File Copy Section -->
		<!-- Note the folder attribute: This attribute describes the folder
			to copy FROM in the package to install therefore files copied
			in this section are copied from /admin/ in the package -->
		<files folder="admin">
			<!-- Admin Main File Copy Section -->
			<filename>index.html</filename>
			<filename>ssdaform.php</filename>
			<filename>controller.php</filename>
			<folder>controllers</folder>
			<!-- SQL files section -->
			<folder>sql</folder>
			<!-- tables files section -->
			<folder>tables</folder>
			<!-- models files section -->
			<folder>models</folder>
			<!-- helpers files section -->
			<folder>helpers</folder>
			<!-- views files section -->
			<folder>views</folder>
		</files>
	</administration>

</extension>